timeStamp,elapsed,label,responseCode,responseMessage,threadName,dataType,success,failureMessage,bytes,sentBytes,grpThreads,allThreads,URL,Latency,IdleTime,Connect
1692967919829,16211,HTTP Request,Non HTTP response code: java.net.SocketException,Non HTTP response message: Connection reset,Thread Group 1-44,text,false,,5115,228,50,50,https://www.youtube.com/,1095,0,688
1692967919829,1095,HTTP Request-0,301,Moved Permanently,Thread Group 1-44,text,true,,373,114,50,50,http://youtube.com/,1095,0,688
1692967920925,1323,HTTP Request-1,301,Moved Permanently,Thread Group 1-44,text,true,,1144,114,50,50,https://youtube.com/,1323,0,352
1692967922250,13790,HTTP Request-2,Non HTTP response code: java.net.SocketException,Non HTTP response message: Connection reset,Thread Group 1-44,text,false,,3598,0,50,50,https://www.youtube.com/,0,0,13790
1692967919631,17667,HTTP Request,Non HTTP response code: org.apache.http.NoHttpResponseException,Non HTTP response message: www.youtube.com:443 failed to respond,Thread Group 1-42,text,false,,4080,228,49,49,https://www.youtube.com/,1289,0,805
1692967919631,1289,HTTP Request-0,301,Moved Permanently,Thread Group 1-42,text,true,,373,114,49,49,http://youtube.com/,1289,0,805
1692967920922,1599,HTTP Request-1,301,Moved Permanently,Thread Group 1-42,text,true,,1144,114,49,49,https://youtube.com/,1599,0,454
1692967922523,14775,HTTP Request-2,Non HTTP response code: org.apache.http.NoHttpResponseException,Non HTTP response message: www.youtube.com:443 failed to respond,Thread Group 1-42,text,false,,2563,0,49,49,https://www.youtube.com/,0,0,14774
1692967920029,17312,HTTP Request,Non HTTP response code: org.apache.http.NoHttpResponseException,Non HTTP response message: www.youtube.com:443 failed to respond,Thread Group 1-46,text,false,,4092,228,48,48,https://www.youtube.com/,906,0,570
1692967920029,906,HTTP Request-0,301,Moved Permanently,Thread Group 1-46,text,true,,373,114,48,48,http://youtube.com/,906,0,570
1692967920936,1246,HTTP Request-1,301,Moved Permanently,Thread Group 1-46,text,true,,1156,114,48,48,https://youtube.com/,1246,0,309
1692967922183,15158,HTTP Request-2,Non HTTP response code: org.apache.http.NoHttpResponseException,Non HTTP response message: www.youtube.com:443 failed to respond,Thread Group 1-46,text,false,,2563,0,48,48,https://www.youtube.com/,0,0,15157
1692967919433,18293,HTTP Request,Non HTTP response code: java.net.SocketException,Non HTTP response message: Connection reset,Thread Group 1-40,text,false,,5127,228,47,47,https://www.youtube.com/,1372,0,809
1692967919433,1372,HTTP Request-0,301,Moved Permanently,Thread Group 1-40,text,true,,373,114,47,47,http://youtube.com/,1372,0,809
1692967920806,1232,HTTP Request-1,301,Moved Permanently,Thread Group 1-40,text,true,,1156,114,47,47,https://youtube.com/,1232,0,365
1692967922040,15686,HTTP Request-2,Non HTTP response code: java.net.SocketException,Non HTTP response message: Connection reset,Thread Group 1-40,text,false,,3598,0,47,47,https://www.youtube.com/,0,0,15686
1692967920129,18077,HTTP Request,Non HTTP response code: org.apache.http.NoHttpResponseException,Non HTTP response message: www.youtube.com:443 failed to respond,Thread Group 1-47,text,false,,4092,228,46,46,https://www.youtube.com/,808,0,489
1692967920129,808,HTTP Request-0,301,Moved Permanently,Thread Group 1-47,text,true,,373,114,46,46,http://youtube.com/,808,0,489
1692967920937,2512,HTTP Request-1,301,Moved Permanently,Thread Group 1-47,text,true,,1156,114,46,46,https://youtube.com/,2512,0,845
1692967923451,14755,HTTP Request-2,Non HTTP response code: org.apache.http.NoHttpResponseException,Non HTTP response message: www.youtube.com:443 failed to respond,Thread Group 1-47,text,false,,2563,0,46,46,https://www.youtube.com/,0,0,14754
1692967919731,40284,HTTP Request,Non HTTP response code: org.apache.http.NoHttpResponseException,Non HTTP response message: www.youtube.com:443 failed to respond,Thread Group 1-43,text,false,,4080,228,45,45,https://www.youtube.com/,1189,0,705
1692967919731,1189,HTTP Request-0,301,Moved Permanently,Thread Group 1-43,text,true,,373,114,45,45,http://youtube.com/,1189,0,705
1692967920922,1968,HTTP Request-1,301,Moved Permanently,Thread Group 1-43,text,true,,1144,114,45,45,https://youtube.com/,1968,0,547
1692967922892,37123,HTTP Request-2,Non HTTP response code: org.apache.http.NoHttpResponseException,Non HTTP response message: www.youtube.com:443 failed to respond,Thread Group 1-43,text,false,,2563,0,45,45,https://www.youtube.com/,0,0,37122
1692967918629,80899,HTTP Request,200,OK,Thread Group 1-32,text,true,,828101,346,44,44,https://www.youtube.com/,179,0,23
1692967918629,179,HTTP Request-0,301,Moved Permanently,Thread Group 1-32,text,true,,373,114,44,44,http://youtube.com/,179,0,23
1692967918810,1685,HTTP Request-1,301,Moved Permanently,Thread Group 1-32,text,true,,1156,114,44,44,https://youtube.com/,1685,0,873
1692967920496,79032,HTTP Request-2,200,OK,Thread Group 1-32,text,true,,826572,118,44,44,https://www.youtube.com/,2536,0,996
1692967919929,79886,HTTP Request,200,OK,Thread Group 1-45,text,true,,829229,346,43,43,https://www.youtube.com/,1006,0,623
1692967919929,1006,HTTP Request-0,301,Moved Permanently,Thread Group 1-45,text,true,,373,114,43,43,http://youtube.com/,1006,0,623
1692967920939,3211,HTTP Request-1,301,Moved Permanently,Thread Group 1-45,text,true,,1144,114,43,43,https://youtube.com/,3211,0,989
1692967924151,75664,HTTP Request-2,200,OK,Thread Group 1-45,text,true,,827712,118,43,43,https://www.youtube.com/,23754,0,15908
1692967916025,84589,HTTP Request,200,OK,Thread Group 1-3,text,true,,842095,346,42,42,https://www.youtube.com/,1294,0,1116
1692967916025,1333,HTTP Request-0,301,Moved Permanently,Thread Group 1-3,text,true,,373,114,42,42,http://youtube.com/,1294,0,1116
1692967917404,3270,HTTP Request-1,301,Moved Permanently,Thread Group 1-3,text,true,,1156,114,42,42,https://youtube.com/,3270,0,2502
1692967920674,79940,HTTP Request-2,200,OK,Thread Group 1-3,text,true,,840566,118,42,42,https://www.youtube.com/,1991,0,732
1692967916743,84273,HTTP Request,200,OK,Thread Group 1-13,text,true,,823094,346,41,41,https://www.youtube.com/,578,0,415
1692967916743,614,HTTP Request-0,301,Moved Permanently,Thread Group 1-13,text,true,,373,114,41,41,http://youtube.com/,578,0,415
1692967917382,3103,HTTP Request-1,301,Moved Permanently,Thread Group 1-13,text,true,,1144,114,41,41,https://youtube.com/,3103,0,2134
1692967920486,80530,HTTP Request-2,200,OK,Thread Group 1-13,text,true,,821577,118,41,41,https://www.youtube.com/,8623,0,1296
1692967917047,85002,HTTP Request,200,OK,Thread Group 1-16,text,true,,878426,346,40,40,https://www.youtube.com/,275,0,113
1692967917047,310,HTTP Request-0,301,Moved Permanently,Thread Group 1-16,text,true,,373,114,40,40,http://youtube.com/,275,0,113
1692967917388,3348,HTTP Request-1,301,Moved Permanently,Thread Group 1-16,text,true,,1251,114,40,40,https://youtube.com/,3348,0,2670
1692967920739,81310,HTTP Request-2,200,OK,Thread Group 1-16,text,true,,876802,118,40,40,https://www.youtube.com/,8371,0,928
1692967916442,85911,HTTP Request,200,OK,Thread Group 1-10,text,true,,841236,346,39,39,https://www.youtube.com/,876,0,690
1692967916442,916,HTTP Request-0,301,Moved Permanently,Thread Group 1-10,text,true,,373,114,39,39,http://youtube.com/,876,0,690
1692967917381,3152,HTTP Request-1,301,Moved Permanently,Thread Group 1-10,text,true,,1144,114,39,39,https://youtube.com/,3152,0,2416
1692967920534,81819,HTTP Request-2,200,OK,Thread Group 1-10,text,true,,839719,118,39,39,https://www.youtube.com/,2508,0,969
1692967917929,84632,HTTP Request,200,OK,Thread Group 1-25,text,true,,843793,346,38,38,https://www.youtube.com/,184,0,23
1692967917929,184,HTTP Request-0,301,Moved Permanently,Thread Group 1-25,text,true,,373,114,38,38,http://youtube.com/,184,0,23
1692967918114,2371,HTTP Request-1,301,Moved Permanently,Thread Group 1-25,text,true,,1156,114,38,38,https://youtube.com/,2371,0,1456
1692967920487,82074,HTTP Request-2,200,OK,Thread Group 1-25,text,true,,842264,118,38,38,https://www.youtube.com/,9683,0,1156
1692967916045,87256,HTTP Request,200,OK,Thread Group 1-6,text,true,,842156,346,37,37,https://www.youtube.com/,1273,0,1095
1692967916045,1312,HTTP Request-0,301,Moved Permanently,Thread Group 1-6,text,true,,373,114,37,37,http://youtube.com/,1273,0,1095
1692967917368,3162,HTTP Request-1,301,Moved Permanently,Thread Group 1-6,text,true,,1156,114,37,37,https://youtube.com/,3162,0,2103
1692967920532,82769,HTTP Request-2,200,OK,Thread Group 1-6,text,true,,840627,118,37,37,https://www.youtube.com/,71619,0,1161
1692967919028,84926,HTTP Request,200,OK,Thread Group 1-36,text,true,,842987,346,36,36,https://www.youtube.com/,183,0,22
1692967919028,183,HTTP Request-0,301,Moved Permanently,Thread Group 1-36,text,true,,373,114,36,36,http://youtube.com/,183,0,22
1692967919212,1593,HTTP Request-1,301,Moved Permanently,Thread Group 1-36,text,true,,1156,114,36,36,https://youtube.com/,1593,0,1017
1692967920806,83147,HTTP Request-2,200,OK,Thread Group 1-36,text,true,,841458,118,36,36,https://www.youtube.com/,1255,0,425
1692967918030,85992,HTTP Request,200,OK,Thread Group 1-26,text,true,,843037,346,35,35,https://www.youtube.com/,192,0,23
1692967918030,192,HTTP Request-0,301,Moved Permanently,Thread Group 1-26,text,true,,373,114,35,35,http://youtube.com/,192,0,23
1692967918223,2216,HTTP Request-1,301,Moved Permanently,Thread Group 1-26,text,true,,1144,114,35,35,https://youtube.com/,2216,0,1334
1692967920440,83582,HTTP Request-2,200,OK,Thread Group 1-26,text,true,,841520,118,35,35,https://www.youtube.com/,8673,0,1226
1692967918829,85797,HTTP Request,200,OK,Thread Group 1-34,text,true,,816547,346,34,34,https://www.youtube.com/,180,0,23
1692967918829,180,HTTP Request-0,301,Moved Permanently,Thread Group 1-34,text,true,,373,114,34,34,http://youtube.com/,180,0,23
1692967919011,1749,HTTP Request-1,301,Moved Permanently,Thread Group 1-34,text,true,,1144,114,34,34,https://youtube.com/,1749,0,1012
1692967920762,83864,HTTP Request-2,200,OK,Thread Group 1-34,text,true,,815030,118,34,34,https://www.youtube.com/,1810,0,632
1692967916947,88110,HTTP Request,200,OK,Thread Group 1-15,text,true,,843099,346,33,33,https://www.youtube.com/,388,0,220
1692967916947,410,HTTP Request-0,301,Moved Permanently,Thread Group 1-15,text,true,,373,114,33,33,http://youtube.com/,388,0,220
1692967917369,3327,HTTP Request-1,301,Moved Permanently,Thread Group 1-15,text,true,,1144,114,33,33,https://youtube.com/,3327,0,2514
1692967920698,84359,HTTP Request-2,200,OK,Thread Group 1-15,text,true,,841582,118,33,33,https://www.youtube.com/,1765,0,648
1692967916025,89089,HTTP Request,200,OK,Thread Group 1-2,text,true,,820370,346,32,32,https://www.youtube.com/,1294,0,1106
1692967916025,1333,HTTP Request-0,301,Moved Permanently,Thread Group 1-2,text,true,,373,114,32,32,http://youtube.com/,1294,0,1106
1692967917392,3069,HTTP Request-1,301,Moved Permanently,Thread Group 1-2,text,true,,1144,114,32,32,https://youtube.com/,3069,0,2108
1692967920463,84651,HTTP Request-2,200,OK,Thread Group 1-2,text,true,,818853,118,32,32,https://www.youtube.com/,2330,0,958
1692967919228,87048,HTTP Request,200,OK,Thread Group 1-38,text,true,,821417,346,31,31,https://www.youtube.com/,997,0,21
1692967919228,997,HTTP Request-0,301,Moved Permanently,Thread Group 1-38,text,true,,373,114,31,31,http://youtube.com/,997,0,21
1692967920226,8840,HTTP Request-1,301,Moved Permanently,Thread Group 1-38,text,true,,1239,114,31,31,https://youtube.com/,8840,0,888
1692967929066,77209,HTTP Request-2,200,OK,Thread Group 1-38,text,true,,819805,118,31,31,https://www.youtube.com/,4303,0,1115
1692967917433,90356,HTTP Request,200,OK,Thread Group 1-20,text,true,,821666,346,30,30,https://www.youtube.com/,192,0,23
1692967917433,192,HTTP Request-0,301,Moved Permanently,Thread Group 1-20,text,true,,373,114,30,30,http://youtube.com/,192,0,23
1692967917665,2980,HTTP Request-1,301,Moved Permanently,Thread Group 1-20,text,true,,1156,114,30,30,https://youtube.com/,2980,0,2311
1692967920647,87142,HTTP Request-2,200,OK,Thread Group 1-20,text,true,,820137,118,30,30,https://www.youtube.com/,25214,0,1229
1692967918729,89184,HTTP Request,200,OK,Thread Group 1-33,text,true,,819238,346,29,29,https://www.youtube.com/,184,0,21
1692967918729,184,HTTP Request-0,301,Moved Permanently,Thread Group 1-33,text,true,,373,114,29,29,http://youtube.com/,184,0,21
1692967918915,1523,HTTP Request-1,301,Moved Permanently,Thread Group 1-33,text,true,,1144,114,29,29,https://youtube.com/,1523,0,546
1692967920445,87468,HTTP Request-2,200,OK,Thread Group 1-33,text,true,,817721,118,29,29,https://www.youtube.com/,2398,0,1004
1692967916341,94287,HTTP Request,200,OK,Thread Group 1-9,text,true,,846537,346,28,28,https://www.youtube.com/,978,0,805
1692967916341,1017,HTTP Request-0,301,Moved Permanently,Thread Group 1-9,text,true,,373,114,28,28,http://youtube.com/,978,0,805
1692967917374,3114,HTTP Request-1,301,Moved Permanently,Thread Group 1-9,text,true,,1156,114,28,28,https://youtube.com/,3114,0,2290
1692967920490,90138,HTTP Request-2,200,OK,Thread Group 1-9,text,true,,845008,118,28,28,https://www.youtube.com/,8621,0,1343
1692967916024,95761,HTTP Request,200,OK,Thread Group 1-5,text,true,,845882,346,27,27,https://www.youtube.com/,1295,0,1113
1692967916024,1334,HTTP Request-0,301,Moved Permanently,Thread Group 1-5,text,true,,373,114,27,27,http://youtube.com/,1295,0,1113
1692967917384,3097,HTTP Request-1,301,Moved Permanently,Thread Group 1-5,text,true,,1144,114,27,27,https://youtube.com/,3097,0,2224
1692967920482,91303,HTTP Request-2,200,OK,Thread Group 1-5,text,true,,844365,118,27,27,https://www.youtube.com/,4511,0,1146
1692967916025,96925,HTTP Request,200,OK,Thread Group 1-1,text,true,,832230,346,26,26,https://www.youtube.com/,1576,0,1411
1692967916025,1576,HTTP Request-0,301,Moved Permanently,Thread Group 1-1,text,true,,373,114,26,26,http://youtube.com/,1576,0,1411
1692967917603,2836,HTTP Request-1,301,Moved Permanently,Thread Group 1-1,text,true,,1144,114,26,26,https://youtube.com/,2836,0,1870
1692967920443,92507,HTTP Request-2,200,OK,Thread Group 1-1,text,true,,830713,118,26,26,https://www.youtube.com/,8648,0,1357
1692967916143,102427,HTTP Request,200,OK,Thread Group 1-7,text,true,,844097,346,25,25,https://www.youtube.com/,1175,0,993
1692967916143,1214,HTTP Request-0,301,Moved Permanently,Thread Group 1-7,text,true,,373,114,25,25,http://youtube.com/,1175,0,993
1692967917392,3051,HTTP Request-1,301,Moved Permanently,Thread Group 1-7,text,true,,1156,114,25,25,https://youtube.com/,3051,0,2083
1692967920444,98126,HTTP Request-2,200,OK,Thread Group 1-7,text,true,,842568,118,25,25,https://www.youtube.com/,10203,0,1443
1692967918329,100894,HTTP Request,200,OK,Thread Group 1-29,text,true,,821840,346,24,24,https://www.youtube.com/,191,0,24
1692967918329,191,HTTP Request-0,301,Moved Permanently,Thread Group 1-29,text,true,,373,114,24,24,http://youtube.com/,191,0,24
1692967918522,2111,HTTP Request-1,301,Moved Permanently,Thread Group 1-29,text,true,,1144,114,24,24,https://youtube.com/,2111,0,1394
1692967920635,98588,HTTP Request-2,200,OK,Thread Group 1-29,text,true,,820323,118,24,24,https://www.youtube.com/,1891,0,706
1692967917533,101742,HTTP Request,200,OK,Thread Group 1-21,text,true,,845169,346,23,23,https://www.youtube.com/,184,0,23
1692967917533,184,HTTP Request-0,301,Moved Permanently,Thread Group 1-21,text,true,,373,114,23,23,http://youtube.com/,184,0,23
1692967917719,3008,HTTP Request-1,301,Moved Permanently,Thread Group 1-21,text,true,,1144,114,23,23,https://youtube.com/,3008,0,2109
1692967920728,98547,HTTP Request-2,200,OK,Thread Group 1-21,text,true,,843652,118,23,23,https://www.youtube.com/,1526,0,537
1692967918529,101163,HTTP Request,200,OK,Thread Group 1-31,text,true,,846716,346,22,22,https://www.youtube.com/,204,0,30
1692967918529,204,HTTP Request-0,301,Moved Permanently,Thread Group 1-31,text,true,,373,114,22,22,http://youtube.com/,204,0,30
1692967918734,1793,HTTP Request-1,301,Moved Permanently,Thread Group 1-31,text,true,,1156,114,22,22,https://youtube.com/,1793,0,1040
1692967920528,99164,HTTP Request-2,200,OK,Thread Group 1-31,text,true,,845187,118,22,22,https://www.youtube.com/,9722,0,1378
1692967917830,103165,HTTP Request,200,OK,Thread Group 1-24,text,true,,822101,346,21,21,https://www.youtube.com/,268,0,23
1692967917830,268,HTTP Request-0,301,Moved Permanently,Thread Group 1-24,text,true,,373,114,21,21,http://youtube.com/,268,0,23
1692967918099,2262,HTTP Request-1,301,Moved Permanently,Thread Group 1-24,text,true,,1144,114,21,21,https://youtube.com/,2262,0,1335
1692967920363,100632,HTTP Request-2,200,OK,Thread Group 1-24,text,true,,820584,118,21,21,https://www.youtube.com/,1968,0,950
1692967919129,101905,HTTP Request,200,OK,Thread Group 1-37,text,true,,828689,346,20,20,https://www.youtube.com/,986,0,35
1692967919129,986,HTTP Request-0,301,Moved Permanently,Thread Group 1-37,text,true,,373,114,20,20,http://youtube.com/,986,0,35
1692967920116,1073,HTTP Request-1,301,Moved Permanently,Thread Group 1-37,text,true,,1156,114,20,20,https://youtube.com/,1073,0,841
1692967921190,99843,HTTP Request-2,200,OK,Thread Group 1-37,text,true,,827160,118,20,20,https://www.youtube.com/,11001,0,9408
1692967920432,101833,HTTP Request,200,OK,Thread Group 1-50,text,true,,846024,346,19,19,https://www.youtube.com/,3621,0,1873
1692967920432,3621,HTTP Request-0,301,Moved Permanently,Thread Group 1-50,text,true,,373,114,19,19,http://youtube.com/,3621,0,1873
1692967924054,13586,HTTP Request-1,301,Moved Permanently,Thread Group 1-50,text,true,,1251,114,19,19,https://youtube.com/,13586,0,11522
1692967937642,84624,HTTP Request-2,200,OK,Thread Group 1-50,text,true,,844400,118,19,19,https://www.youtube.com/,13100,0,10923
1692967918229,104464,HTTP Request,200,OK,Thread Group 1-28,text,true,,831853,346,18,18,https://www.youtube.com/,203,0,24
1692967918229,203,HTTP Request-0,301,Moved Permanently,Thread Group 1-28,text,true,,373,114,18,18,http://youtube.com/,203,0,24
1692967918434,2073,HTTP Request-1,301,Moved Permanently,Thread Group 1-28,text,true,,1251,114,18,18,https://youtube.com/,2073,0,1283
1692967920508,102185,HTTP Request-2,200,OK,Thread Group 1-28,text,true,,830229,118,18,18,https://www.youtube.com/,10117,0,1304
1692967918129,104875,HTTP Request,200,OK,Thread Group 1-27,text,true,,842080,346,17,17,https://www.youtube.com/,192,0,28
1692967918129,192,HTTP Request-0,301,Moved Permanently,Thread Group 1-27,text,true,,373,114,17,17,http://youtube.com/,192,0,28
1692967918323,2176,HTTP Request-1,301,Moved Permanently,Thread Group 1-27,text,true,,1156,114,17,17,https://youtube.com/,2176,0,1375
1692967920500,102504,HTTP Request-2,200,OK,Thread Group 1-27,text,true,,840551,118,17,17,https://www.youtube.com/,8611,0,1196
1692967916639,106577,HTTP Request,200,OK,Thread Group 1-12,text,true,,822089,346,16,16,https://www.youtube.com/,693,0,526
1692967916639,718,HTTP Request-0,301,Moved Permanently,Thread Group 1-12,text,true,,373,114,16,16,http://youtube.com/,693,0,526
1692967917389,3056,HTTP Request-1,301,Moved Permanently,Thread Group 1-12,text,true,,1144,114,16,16,https://youtube.com/,3056,0,2078
1692967920446,102770,HTTP Request-2,200,OK,Thread Group 1-12,text,true,,820572,118,16,16,https://www.youtube.com/,8668,0,1347
1692967916243,107091,HTTP Request,200,OK,Thread Group 1-8,text,true,,844017,346,15,15,https://www.youtube.com/,1075,0,891
1692967916243,1115,HTTP Request-0,301,Moved Permanently,Thread Group 1-8,text,true,,373,114,15,15,http://youtube.com/,1075,0,891
1692967917389,3441,HTTP Request-1,301,Moved Permanently,Thread Group 1-8,text,true,,1156,114,15,15,https://youtube.com/,3441,0,2628
1692967920831,102502,HTTP Request-2,200,OK,Thread Group 1-8,text,true,,842488,118,15,15,https://www.youtube.com/,1513,0,472
1692967917729,105771,HTTP Request,200,OK,Thread Group 1-23,text,true,,820877,346,14,14,https://www.youtube.com/,184,0,27
1692967917729,184,HTTP Request-0,301,Moved Permanently,Thread Group 1-23,text,true,,373,114,14,14,http://youtube.com/,184,0,27
1692967917914,2602,HTTP Request-1,301,Moved Permanently,Thread Group 1-23,text,true,,1144,114,14,14,https://youtube.com/,2602,0,1835
1692967920517,102983,HTTP Request-2,200,OK,Thread Group 1-23,text,true,,819360,118,14,14,https://www.youtube.com/,2943,0,1235
1692967918929,104960,HTTP Request,200,OK,Thread Group 1-35,text,true,,893198,346,13,13,https://www.youtube.com/,184,0,24
1692967918929,184,HTTP Request-0,301,Moved Permanently,Thread Group 1-35,text,true,,373,114,13,13,http://youtube.com/,184,0,24
1692967919114,1653,HTTP Request-1,301,Moved Permanently,Thread Group 1-35,text,true,,1156,114,13,13,https://youtube.com/,1653,0,977
1692967920769,103120,HTTP Request-2,200,OK,Thread Group 1-35,text,true,,891669,118,13,13,https://www.youtube.com/,18199,0,1019
1692967917339,106667,HTTP Request,200,OK,Thread Group 1-19,text,true,,843950,346,12,12,https://www.youtube.com/,194,0,30
1692967917339,194,HTTP Request-0,301,Moved Permanently,Thread Group 1-19,text,true,,373,114,12,12,http://youtube.com/,194,0,30
1692967917534,3046,HTTP Request-1,301,Moved Permanently,Thread Group 1-19,text,true,,1251,114,12,12,https://youtube.com/,3046,0,2325
1692967920581,103425,HTTP Request-2,200,OK,Thread Group 1-19,text,true,,842326,118,12,12,https://www.youtube.com/,11594,0,1336
1692967917666,107314,HTTP Request,200,OK,Thread Group 1-22,text,true,,838203,346,11,11,https://www.youtube.com/,186,0,28
1692967917666,186,HTTP Request-0,301,Moved Permanently,Thread Group 1-22,text,true,,373,114,11,11,http://youtube.com/,186,0,28
1692967917854,2638,HTTP Request-1,301,Moved Permanently,Thread Group 1-22,text,true,,1144,114,11,11,https://youtube.com/,2638,0,1822
1692967920493,104487,HTTP Request-2,200,OK,Thread Group 1-22,text,true,,836686,118,11,11,https://www.youtube.com/,2060,0,891
1692967919329,106330,HTTP Request,200,OK,Thread Group 1-39,text,true,,821598,346,10,10,https://www.youtube.com/,1450,0,860
1692967919329,1450,HTTP Request-0,301,Moved Permanently,Thread Group 1-39,text,true,,373,114,10,10,http://youtube.com/,1450,0,860
1692967920780,1262,HTTP Request-1,301,Moved Permanently,Thread Group 1-39,text,true,,1144,114,10,10,https://youtube.com/,1262,0,393
1692967922044,103615,HTTP Request-2,200,OK,Thread Group 1-39,text,true,,820081,118,10,10,https://www.youtube.com/,7715,0,7070
1692967916540,109633,HTTP Request,200,OK,Thread Group 1-11,text,true,,822515,346,9,9,https://www.youtube.com/,779,0,613
1692967916540,818,HTTP Request-0,301,Moved Permanently,Thread Group 1-11,text,true,,373,114,9,9,http://youtube.com/,779,0,613
1692967917379,3100,HTTP Request-1,301,Moved Permanently,Thread Group 1-11,text,true,,1144,114,9,9,https://youtube.com/,3100,0,2213
1692967920481,105692,HTTP Request-2,200,OK,Thread Group 1-11,text,true,,820998,118,9,9,https://www.youtube.com/,2750,0,1093
1692967916025,111273,HTTP Request,200,OK,Thread Group 1-4,text,true,,845631,346,8,8,https://www.youtube.com/,1318,0,1140
1692967916025,1332,HTTP Request-0,301,Moved Permanently,Thread Group 1-4,text,true,,373,114,8,8,http://youtube.com/,1318,0,1140
1692967917387,3097,HTTP Request-1,301,Moved Permanently,Thread Group 1-4,text,true,,1144,114,8,8,https://youtube.com/,3097,0,2190
1692967920485,106813,HTTP Request-2,200,OK,Thread Group 1-4,text,true,,844114,118,8,8,https://www.youtube.com/,4552,0,1170
1692967917146,110251,HTTP Request,200,OK,Thread Group 1-17,text,true,,840032,346,7,7,https://www.youtube.com/,191,0,32
1692967917146,211,HTTP Request-0,301,Moved Permanently,Thread Group 1-17,text,true,,373,114,7,7,http://youtube.com/,191,0,32
1692967917390,3054,HTTP Request-1,301,Moved Permanently,Thread Group 1-17,text,true,,1156,114,7,7,https://youtube.com/,3054,0,2083
1692967920446,106951,HTTP Request-2,200,OK,Thread Group 1-17,text,true,,838503,118,7,7,https://www.youtube.com/,2372,0,993
1692967920330,111788,HTTP Request,200,OK,Thread Group 1-49,text,true,,846666,346,6,6,https://www.youtube.com/,707,0,449
1692967920330,707,HTTP Request-0,301,Moved Permanently,Thread Group 1-49,text,true,,373,114,6,6,http://youtube.com/,707,0,449
1692967921052,2718,HTTP Request-1,301,Moved Permanently,Thread Group 1-49,text,true,,1156,114,6,6,https://youtube.com/,2718,0,950
1692967923771,108347,HTTP Request-2,200,OK,Thread Group 1-49,text,true,,845137,118,6,6,https://www.youtube.com/,21725,0,14187
1692967918429,113937,HTTP Request,200,OK,Thread Group 1-30,text,true,,847419,346,5,5,https://www.youtube.com/,183,0,23
1692967918429,183,HTTP Request-0,301,Moved Permanently,Thread Group 1-30,text,true,,373,114,5,5,http://youtube.com/,183,0,23
1692967918613,2068,HTTP Request-1,301,Moved Permanently,Thread Group 1-30,text,true,,1156,114,5,5,https://youtube.com/,2068,0,1328
1692967920682,111684,HTTP Request-2,200,OK,Thread Group 1-30,text,true,,845890,118,5,5,https://www.youtube.com/,3033,0,1170
1692967919529,113926,HTTP Request,200,OK,Thread Group 1-41,text,true,,846008,346,4,4,https://www.youtube.com/,1301,0,838
1692967919529,1301,HTTP Request-0,301,Moved Permanently,Thread Group 1-41,text,true,,373,114,4,4,http://youtube.com/,1301,0,838
1692967920831,1201,HTTP Request-1,301,Moved Permanently,Thread Group 1-41,text,true,,1144,114,4,4,https://youtube.com/,1201,0,361
1692967922033,111422,HTTP Request-2,200,OK,Thread Group 1-41,text,true,,844491,118,4,4,https://www.youtube.com/,7650,0,7085
1692967916852,117495,HTTP Request,200,OK,Thread Group 1-14,text,true,,841947,346,3,3,https://www.youtube.com/,466,0,281
1692967916852,506,HTTP Request-0,301,Moved Permanently,Thread Group 1-14,text,true,,373,114,3,3,http://youtube.com/,466,0,281
1692967917377,3065,HTTP Request-1,301,Moved Permanently,Thread Group 1-14,text,true,,1144,114,3,3,https://youtube.com/,3065,0,2090
1692967920443,113904,HTTP Request-2,200,OK,Thread Group 1-14,text,true,,840430,118,3,3,https://www.youtube.com/,2672,0,1094
1692967917236,122560,HTTP Request,200,OK,Thread Group 1-18,text,true,,821318,346,2,2,https://www.youtube.com/,185,0,24
1692967917236,185,HTTP Request-0,301,Moved Permanently,Thread Group 1-18,text,true,,373,114,2,2,http://youtube.com/,185,0,24
1692967917423,3060,HTTP Request-1,301,Moved Permanently,Thread Group 1-18,text,true,,1156,114,2,2,https://youtube.com/,3060,0,2209
1692967920484,119312,HTTP Request-2,200,OK,Thread Group 1-18,text,true,,819789,118,2,2,https://www.youtube.com/,4568,0,1144
1692967920229,129921,HTTP Request,200,OK,Thread Group 1-48,text,true,,817696,346,1,1,https://www.youtube.com/,809,0,487
1692967920229,809,HTTP Request-0,301,Moved Permanently,Thread Group 1-48,text,true,,373,114,1,1,http://youtube.com/,809,0,487
1692967921070,2692,HTTP Request-1,301,Moved Permanently,Thread Group 1-48,text,true,,1144,114,1,1,https://youtube.com/,2692,0,912
1692967923764,126386,HTTP Request-2,200,OK,Thread Group 1-48,text,true,,816179,118,1,1,https://www.youtube.com/,18223,0,14216
