{
  "HTTP Request-2" : {
    "transaction" : "HTTP Request-2",
    "sampleCount" : 50,
    "errorCount" : 6,
    "errorPct" : 12.0,
    "meanResTime" : 86348.41999999997,
    "medianResTime" : 91905.0,
    "minResTime" : 13790.0,
    "maxResTime" : 126386.0,
    "pct1ResTime" : 111114.5,
    "pct2ResTime" : 116337.59999999998,
    "pct3ResTime" : 126386.0,
    "throughput" : 0.3852465963463213,
    "receivedKBytesPerSec" : 276.6916749895983,
    "sentKBytesPerSec" : 0.03906641266074414
  },
  "HTTP Request-1" : {
    "transaction" : "HTTP Request-1",
    "sampleCount" : 50,
    "errorCount" : 0,
    "errorPct" : 0.0,
    "meanResTime" : 2808.2399999999993,
    "medianResTime" : 2705.0,
    "minResTime" : 1073.0,
    "maxResTime" : 13586.0,
    "pct1ResTime" : 3321.2999999999997,
    "pct2ResTime" : 5870.549999999977,
    "pct3ResTime" : 13586.0,
    "throughput" : 2.4664561957379636,
    "receivedKBytesPerSec" : 2.792250009249211,
    "sentKBytesPerSec" : 0.27458594366614053
  },
  "Total" : {
    "transaction" : "Total",
    "sampleCount" : 200,
    "errorCount" : 12,
    "errorPct" : 6.0,
    "meanResTime" : 44954.095,
    "medianResTime" : 13688.0,
    "minResTime" : 179.0,
    "maxResTime" : 129921.0,
    "pct1ResTime" : 106658.0,
    "pct2ResTime" : 111670.9,
    "pct3ResTime" : 126347.74000000003,
    "throughput" : 1.4911352012286954,
    "receivedKBytesPerSec" : 536.5969283313824,
    "sentKBytesPerSec" : 0.24161050057408703
  },
  "HTTP Request-0" : {
    "transaction" : "HTTP Request-0",
    "sampleCount" : 50,
    "errorCount" : 0,
    "errorPct" : 0.0,
    "meanResTime" : 745.14,
    "medianResTime" : 712.5,
    "minResTime" : 179.0,
    "maxResTime" : 3621.0,
    "pct1ResTime" : 1333.9,
    "pct2ResTime" : 1506.6999999999994,
    "pct3ResTime" : 3621.0,
    "throughput" : 6.227425582264292,
    "receivedKBytesPerSec" : 2.26838842010213,
    "sentKBytesPerSec" : 0.6932876136505168
  },
  "HTTP Request" : {
    "transaction" : "HTTP Request",
    "sampleCount" : 50,
    "errorCount" : 6,
    "errorPct" : 12.0,
    "meanResTime" : 89914.57999999996,
    "medianResTime" : 98909.5,
    "minResTime" : 16211.0,
    "maxResTime" : 129921.0,
    "pct1ResTime" : 113712.2,
    "pct2ResTime" : 119774.24999999999,
    "pct3ResTime" : 129921.0,
    "throughput" : 0.37278380030717384,
    "receivedKBytesPerSec" : 268.2984641656912,
    "sentKBytesPerSec" : 0.12080525028704352
  }
}